{
  "dependencies": {
    "appInsights1": {
      "resourceId": "/subscriptions/[parameters('subscriptionId')]/resourcegroups/[parameters('resourceGroupName')]/providers/Microsoft.Insights/components/WebAPI",
      "type": "appInsights.azure",
      "connectionId": "APPINSIGHTS_CONNECTIONSTRING",
      "secretStore": "AzureAppSettings"
    },
    "storage1": {
      "resourceId": "/subscriptions/[parameters('subscriptionId')]/resourcegroups/[parameters('resourceGroupName')]/providers/Microsoft.Storage/storageAccounts/taappstorage",
      "type": "storage.azure",
      "connectionId": "Azstg",
      "secretStore": "AzureAppSettings"
    },
    "redis1": {
      "resourceId": "/subscriptions/[parameters('subscriptionId')]/resourceGroups/[parameters('resourceGroupName')]/providers/Microsoft.Cache/Redis/TAWebAPIcache",
      "type": "redis.azure",
      "connectionId": "CacheConnection",
      "secretStore": "AzureAppSettings"
    },
    "cosmosdb1": {
      "resourceId": "/subscriptions/[parameters('subscriptionId')]/resourceGroups/[parameters('resourceGroupName')]/providers/Microsoft.DocumentDB/databaseAccounts/tawebapiaccount",
      "type": "cosmosdb.azure",
      "connectionId": "MongoDbConnection",
      "secretStore": "AzureAppSettings"
    }
  }
}